beta1,beta2,weekday,hour,humidity
2.2284454092699004,2.956258817465515,5,23,20.439816141179364
4.155775315283224,0.9992721991757971,2,13,27.0183190029743
-1.9133922499752112,1.4613407208024913,5,2,14.40322104434815
-2.427776485179076,-4.657069206967115,4,9,14.525309627781011
-2.47451039958394,-4.080336023646761,1,2,17.129479038059674
